ID_Cliente;Data;Quantidade;Valor_Unit√°rio
CLI0020;2024-04-16 10:59:22.350973;10;98.6
CLI0058;2024-01-17 10:59:22.351002;6;28.05
CLI0061;2024-01-16 10:59:22.351008;10;10.45
CLI0054;2023-10-25 10:59:22.351011;4;59.65
CLI0095;2023-05-18 10:59:22.351015;9;17.2
CLI0068;2023-08-31 10:59:22.351018;4;33.33
CLI0100;2024-01-04 10:59:22.351022;3;69.74
CLI0073;2023-08-03 10:59:22.351025;4;64.0
CLI0039;2024-01-22 10:59:22.351028;3;49.95
CLI0020;2023-06-29 10:59:22.351031;3;50.06
CLI0044;2024-05-13 10:59:22.351035;10;59.46
CLI0049;2023-07-20 10:59:22.351038;8;85.35
CLI0073;2023-09-01 10:59:22.351041;4;21.49
CLI0022;2024-05-02 10:59:22.351044;6;20.89
CLI0067;2024-05-11 10:59:22.351047;6;98.06
CLI0072;2024-04-15 10:59:22.351050;4;70.26
CLI0018;2024-01-14 10:59:22.351053;5;49.9
CLI0062;2023-07-30 10:59:22.351056;8;16.37
CLI0011;2024-03-14 10:59:22.351060;7;91.54
CLI0015;2023-07-28 10:59:22.351062;4;39.44
CLI0037;2024-05-09 10:59:22.351066;1;50.58
CLI0089;2024-02-02 10:59:22.351069;5;92.7
CLI0015;2023-11-20 10:59:22.351072;5;70.51
CLI0064;2023-10-04 10:59:22.351075;7;33.35
CLI0043;2023-12-22 10:59:22.351078;7;83.61
CLI0087;2024-01-08 10:59:22.351081;5;48.65
CLI0008;2023-12-05 10:59:22.351084;5;35.07
CLI0058;2024-04-17 10:59:22.351087;1;69.18
CLI0015;2024-03-29 10:59:22.351090;5;44.93
CLI0090;2024-01-25 10:59:22.351093;9;86.76
CLI0039;2024-02-27 10:59:22.351096;8;33.06
CLI0075;2023-08-08 10:59:22.351099;2;80.59
CLI0088;2024-03-14 10:59:22.351102;1;61.18
CLI0088;2023-09-28 10:59:22.351105;8;25.96
CLI0096;2023-05-27 10:59:22.351108;7;39.46
CLI0057;2023-07-07 10:59:22.351111;2;95.03
CLI0017;2023-08-14 10:59:22.351114;1;37.94
CLI0001;2023-06-25 10:59:22.351118;8;90.55
CLI0050;2023-09-07 10:59:22.351121;3;84.12
CLI0025;2024-04-01 10:59:22.351124;2;61.65
CLI0045;2023-06-09 10:59:22.351127;1;59.83
CLI0087;2023-12-21 10:59:22.351130;7;26.17
CLI0055;2023-06-08 10:59:22.351133;8;36.63
CLI0047;2024-02-07 10:59:22.351136;7;31.38
CLI0008;2023-06-30 10:59:22.351139;6;49.13
CLI0046;2023-08-14 10:59:22.351142;2;95.33
CLI0047;2023-12-26 10:59:22.351145;8;52.03
CLI0083;2023-06-22 10:59:22.351148;3;16.56
CLI0092;2023-12-14 10:59:22.351151;9;12.96
CLI0090;2024-03-16 10:59:22.351154;1;84.48
CLI0031;2024-02-19 10:59:22.351157;1;53.36
CLI0019;2023-09-11 10:59:22.351160;6;61.46
CLI0011;2024-03-27 10:59:22.351163;9;83.14
CLI0054;2024-02-20 10:59:22.351166;7;93.56
CLI0002;2024-05-13 10:59:22.351169;2;94.09
CLI0086;2023-12-11 10:59:22.351172;5;79.18
CLI0004;2023-10-03 10:59:22.351175;8;22.01
CLI0014;2024-02-09 10:59:22.351178;3;95.42
CLI0018;2024-05-02 10:59:22.351181;2;56.31
CLI0097;2024-04-23 10:59:22.351184;6;59.12
CLI0068;2023-09-28 10:59:22.351187;1;70.62
CLI0023;2023-07-15 10:59:22.351190;1;82.59
CLI0100;2023-07-24 10:59:22.351193;1;46.36
CLI0023;2023-07-17 10:59:22.351197;8;38.47
CLI0015;2024-02-08 10:59:22.351201;4;50.3
CLI0007;2023-11-30 10:59:22.351204;2;57.6
CLI0079;2023-10-28 10:59:22.351207;6;77.85
CLI0034;2023-11-13 10:59:22.351210;1;94.11
CLI0006;2024-01-07 10:59:22.351213;8;54.15
CLI0047;2023-09-12 10:59:22.351216;6;55.15
CLI0078;2023-09-14 10:59:22.351219;5;36.8
CLI0052;2024-04-12 10:59:22.351222;5;53.31
CLI0018;2023-09-28 10:59:22.351225;2;57.57
CLI0071;2023-11-25 10:59:22.351229;2;86.38
CLI0084;2023-12-05 10:59:22.351232;9;34.35
CLI0024;2023-07-13 10:59:22.351235;2;36.86
CLI0088;2023-10-05 10:59:22.351238;8;67.92
CLI0005;2023-05-20 10:59:22.351241;4;80.98
CLI0034;2024-02-29 10:59:22.351244;3;14.8
CLI0098;2023-07-02 10:59:22.351247;4;34.42
CLI0058;2024-05-06 10:59:22.351250;9;35.09
CLI0086;2023-12-11 10:59:22.351253;1;30.75
CLI0045;2024-02-22 10:59:22.351255;9;20.63
CLI0039;2023-06-18 10:59:22.351258;9;96.56
CLI0006;2024-05-03 10:59:22.351261;8;84.71
CLI0054;2023-10-01 10:59:22.351264;10;94.35
CLI0051;2023-10-23 10:59:22.351267;2;63.53
CLI0091;2023-12-31 10:59:22.351271;8;23.44
CLI0060;2023-12-28 10:59:22.351273;4;66.63
CLI0025;2023-05-26 10:59:22.351276;5;28.87
CLI0068;2023-12-08 10:59:22.351280;8;84.07
CLI0054;2024-04-30 10:59:22.351283;8;82.11
CLI0016;2023-10-16 10:59:22.351286;9;22.75
CLI0082;2023-09-08 10:59:22.351289;3;83.05
CLI0032;2023-10-01 10:59:22.351292;6;30.23
CLI0032;2023-10-08 10:59:22.351295;8;58.57
CLI0080;2024-05-12 10:59:22.351298;3;42.01
CLI0008;2023-06-19 10:59:22.351301;6;66.67
CLI0045;2024-05-04 10:59:22.351304;3;19.49
CLI0074;2023-10-16 10:59:22.351307;3;56.8
CLI0050;2024-01-06 10:59:22.351310;5;43.77
CLI0064;2024-01-29 10:59:22.351313;7;44.99
CLI0050;2023-10-08 10:59:22.351316;4;13.82
CLI0052;2023-07-18 10:59:22.351319;8;41.02
CLI0040;2024-05-12 10:59:22.351322;3;48.77
CLI0004;2024-03-15 10:59:22.351325;3;87.69
CLI0078;2023-10-08 10:59:22.351328;3;68.2
CLI0001;2023-10-13 10:59:22.351332;3;17.14
CLI0055;2023-08-07 10:59:22.351335;10;12.09
CLI0016;2023-07-01 10:59:22.351338;6;54.51
CLI0082;2023-08-11 10:59:22.351341;9;10.51
CLI0099;2024-04-14 10:59:22.351345;3;61.71
CLI0068;2024-02-01 10:59:22.351348;3;54.41
CLI0099;2023-11-16 10:59:22.351351;6;78.97
CLI0007;2023-08-06 10:59:22.351354;3;27reais
CLI0021;2023-10-19 10:59:22.351357;7;45.14
CLI0003;2023-09-27 10:59:22.351360;2;12.4
CLI0073;2024-05-08 10:59:22.351363;1;54.35
CLI0092;2023-10-30 10:59:22.351366;10;13.52
CLI0002;2024-04-21 10:59:22.351369;3;35.02
CLI0070;2023-11-28 10:59:22.351372;9;52.28
CLI0059;2024-03-22 10:59:22.351375;9;38.24
CLI0059;2023-07-12 10:59:22.351379;9;52.24
CLI0072;2023-08-10 10:59:22.351382;8;18.7
CLI0072;2024-05-09 10:59:22.351385;9;42.85
CLI0053;2024-04-20 10:59:22.351388;8;23.54
CLI0016;2024-01-06 10:59:22.351391;2;42.58
CLI0076;2024-03-17 10:59:22.351394;3;66.75
CLI0010;2024-01-01 10:59:22.351398;3;80.74
CLI0081;2023-10-12 10:59:22.351401;8;64.42
CLI0082;2023-08-27 10:59:22.351404;6;93.08
CLI0076;2024-02-27 10:59:22.351407;7;94.46
CLI0016;2023-10-15 10:59:22.351410;7;83.76
CLI0027;2024-02-23 10:59:22.351413;9;47.1
CLI0047;2023-11-26 10:59:22.351416;9;35.84
CLI0030;2023-12-20 10:59:22.351419;9;84.72
CLI0067;2024-02-17 10:59:22.351422;9;37.07
CLI0022;2024-04-03 10:59:22.351425;3;21.4
CLI0099;2024-02-03 10:59:22.351429;4;15.12
CLI0081;2024-02-09 10:59:22.351432;9;39.45
CLI0073;2023-06-18 10:59:22.351435;4;52.61
CLI0045;2023-05-27 10:59:22.351438;5;74.21
CLI0088;2024-02-11 10:59:22.351441;2;20.83
CLI0089;2023-08-07 10:59:22.351444;6;87.28
CLI0012;2024-03-19 10:59:22.351447;6;58.7
CLI0079;2023-09-29 10:59:22.351451;5;95.58
CLI0037;2024-04-22 10:59:22.351454;5;26.05
CLI0090;2023-08-04 10:59:22.351457;8;72.3
CLI0059;2024-05-02 10:59:22.351460;2;31.56
CLI0029;2024-03-29 10:59:22.351463;3;11.27
CLI0031;2023-06-18 10:59:22.351466;1;24.84
CLI0068;2023-07-14 10:59:22.351469;10;63.34
CLI0036;2024-01-09 10:59:22.351472;3;68.96
CLI0056;2023-11-14 10:59:22.351475;9;49.48
CLI0019;2023-07-30 10:59:22.351479;3;73.49
CLI0071;2023-09-29 10:59:22.351482;8;14.37
CLI0021;2024-02-13 10:59:22.351485;2;92.73
CLI0073;2024-04-07 10:59:22.351488;8;97.0
CLI0026;2023-12-19 10:59:22.351491;9;60.45
CLI0035;2023-09-02 10:59:22.351494;8;26.75
CLI0005;2023-05-30 10:59:22.351497;6;39.11
CLI0055;2024-02-02 10:59:22.351500;6;10.52
CLI0075;2023-05-21 10:59:22.351503;9;92.81
CLI0097;2023-07-27 10:59:22.351506;5;72.88
CLI0054;2023-07-22 10:59:22.351510;10;34.83
CLI0094;2024-04-11 10:59:22.351513;10;24.74
CLI0029;2023-09-25 10:59:22.351516;3;37.35
CLI0020;2024-03-21 10:59:22.351519;3;51.11
CLI0096;2023-12-21 10:59:22.351522;6;86.7
CLI0008;2023-08-22 10:59:22.351525;7;85.7
CLI0090;2023-11-06 10:59:22.351528;7;31.92
CLI0070;2023-08-02 10:59:22.351531;7;91.92
CLI0034;2023-08-23 10:59:22.351534;6;58.39
CLI0056;2023-08-31 10:59:22.351537;10;21.32
CLI0058;2023-12-20 10:59:22.351540;6;55.3
CLI0059;2023-06-22 10:59:22.351544;10;58.86
CLI0042;2024-03-30 10:59:22.351547;6;56.26
CLI0038;2024-02-02 10:59:22.351550;5;68.17
CLI0085;2023-07-30 10:59:22.351553;1;13.25
CLI0096;2024-03-11 10:59:22.351556;7;60.57
CLI0043;2023-07-05 10:59:22.351559;5;96.92
CLI0089;2024-01-17 10:59:22.351562;10;40.97
CLI0063;2023-11-09 10:59:22.351565;7;93.68
CLI0036;2024-02-16 10:59:22.351568;2;66.99
CLI0017;2024-04-20 10:59:22.351571;8;70.69
CLI0054;2023-06-01 10:59:22.351575;9;26.61
CLI0046;2023-11-15 10:59:22.351578;7;67.45
CLI0099;2024-01-13 10:59:22.351581;9;82.89
CLI0004;2023-09-21 10:59:22.351584;10;45.84
CLI0004;2023-11-21 10:59:22.351587;7;96.08
CLI0043;2023-10-25 10:59:22.351590;1;37.23
CLI0023;2023-07-29 10:59:22.351593;7;59.08
CLI0083;2023-07-11 10:59:22.351596;9;67.74
CLI0041;2024-04-17 10:59:22.351599;8;46.14
CLI0024;2024-03-15 10:59:22.351602;10;46.1
CLI0015;2023-05-29 10:59:22.351605;3;39.76
CLI0097;2023-05-25 10:59:22.351608;10;66.07
CLI0085;2023-09-23 10:59:22.351611;10;25.11
CLI0010;2024-05-01 10:59:22.351614;9;79.19
CLI0100;2023-12-08 10:59:22.351617;4;53.08
CLI0098;2023-07-02 10:59:22.351620;10;41.01
CLI0042;2023-09-26 10:59:22.351667;4;61.0
CLI0067;2023-10-10 10:59:22.351681;8;70.39
CLI0075;2024-01-21 10:59:22.351687;6;52.01
CLI0084;2024-04-16 10:59:22.351691;4;83.39
CLI0067;2024-01-16 10:59:22.351696;8;17.69
CLI0009;2024-03-11 10:59:22.351699;3;28.57
CLI0085;2023-08-23 10:59:22.351702;1;51.86
CLI0100;2023-06-02 10:59:22.351706;9;85.2
CLI0020;2023-10-02 10:59:22.351709;6;78.35
CLI0069;2023-06-15 10:59:22.351712;3;55.52
CLI0015;2023-09-25 10:59:22.351715;1;56.0
CLI0084;2023-09-30 10:59:22.351718;7;66.24
CLI0063;2023-09-29 10:59:22.351721;3;38.63
CLI0083;2023-11-03 10:59:22.351725;2;55.41
CLI0095;2023-12-11 10:59:22.351728;5;65.04
CLI0025;2023-08-17 10:59:22.351731;6;85.04
CLI0046;2023-10-03 10:59:22.351734;4;48.65
CLI0001;2023-10-09 10:59:22.351737;2;12.56
CLI0062;2023-05-22 10:59:22.351740;1;87.61
CLI0016;2023-11-09 10:59:22.351743;9;97.72
CLI0100;2023-11-24 10:59:22.351746;9;90.7
CLI0020;2023-10-02 10:59:22.351750;3;88.75
CLI0020;2023-12-14 10:59:22.351753;8;38.25
CLI0030;2023-10-31 10:59:22.351756;5;91.47
CLI0050;2023-10-19 10:59:22.351759;2;54.09
CLI0009;2024-02-18 10:59:22.351762;10;13.97
CLI0073;2023-12-18 10:59:22.351765;8;42.82
CLI0036;2023-11-30 10:59:22.351768;6;30.93
CLI0078;2024-02-23 10:59:22.351771;6;89.7
CLI0096;2023-11-20 10:59:22.351774;10;12.07
CLI0073;2024-01-24 10:59:22.351778;4;46.17
CLI0086;2023-07-03 10:59:22.351781;2;87.35
CLI0052;2023-09-26 10:59:22.351784;2;54.45
CLI0054;2023-10-15 10:59:22.351788;7;40.92
CLI0025;2023-10-21 10:59:22.351792;6;80.91
CLI0066;2024-04-23 10:59:22.351795;3;45.61
CLI0047;2024-01-26 10:59:22.351798;5;70.4
CLI0002;2023-09-04 10:59:22.351801;6;15.35
CLI0084;2023-11-16 10:59:22.351804;1;56.7
CLI0069;2023-07-06 10:59:22.351807;7;41.4
CLI0053;2024-01-09 10:59:22.351810;4;38.47
CLI0070;2023-05-27 10:59:22.351813;3;90.89
CLI0095;2024-01-05 10:59:22.351817;3;33.25
CLI0065;2023-07-15 10:59:22.351820;1;96.99
CLI0014;2024-05-02 10:59:22.351823;7;35.23
CLI0083;2023-08-24 10:59:22.351826;9;97.68
CLI0031;2023-10-11 10:59:22.351829;9;29.16
CLI0004;2024-02-11 10:59:22.351833;2;90.97
CLI0088;2024-03-25 10:59:22.351836;7;55.51
CLI0042;2023-11-27 10:59:22.351839;7;75.67
CLI0075;2024-04-17 10:59:22.351843;2;55.84
CLI0084;2024-02-04 10:59:22.351846;4;29.04
CLI0031;2023-10-16 10:59:22.351849;10;91.11
CLI0042;2023-07-01 10:59:22.351852;7;92.48
CLI0031;2023-06-24 10:59:22.351856;1;84.93
CLI0038;2023-07-27 10:59:22.351859;10;33.05
CLI0051;2023-06-05 10:59:22.351862;2;92.54
CLI0042;2023-08-10 10:59:22.351866;8;60.78
CLI0020;2024-02-02 10:59:22.351870;8;80.43
CLI0061;2024-02-28 10:59:22.351873;4;31.11
CLI0047;2023-10-02 10:59:22.351937;6;10.67
CLI0080;2023-09-07 10:59:22.351945;8;35.22
CLI0019;2024-03-18 10:59:22.351951;5;20.77
CLI0047;2024-02-26 10:59:22.351957;5;18.5
CLI0006;2024-01-31 10:59:22.351962;4;85.61
CLI0030;2023-07-13 10:59:22.351967;7;39.9
CLI0072;2023-05-20 10:59:22.351974;9;54.0
CLI0009;2024-02-20 10:59:22.351980;1;66.17
CLI0006;2024-02-01 10:59:22.351987;8;27.75
CLI0051;2023-05-21 10:59:22.351993;1;98.11
CLI0078;2023-09-20 10:59:22.351998;1;52.44
CLI0072;2023-11-12 10:59:22.352001;5;81.41
CLI0027;2024-04-17 10:59:22.352004;3;32.5
CLI0033;2024-02-24 10:59:22.352007;3;56.97
CLI0013;2023-06-08 10:59:22.352011;6;77.67
CLI0057;2023-05-24 10:59:22.352014;7;42.56
CLI0070;2023-10-17 10:59:22.352017;10;56.08
CLI0053;2023-09-21 10:59:22.352020;4;71.04
CLI0017;2024-01-07 10:59:22.352023;5;29.06
CLI0063;2024-04-18 10:59:22.352026;1;38.12
CLI0004;2023-06-17 10:59:22.352029;2;82.9
CLI0028;2023-12-30 10:59:22.352032;9;28.67
CLI0062;2024-01-05 10:59:22.352035;9;83.46
CLI0004;2023-12-20 10:59:22.352039;9;12.46
CLI0085;2023-10-07 10:59:22.352085;6;59.56
CLI0075;2023-05-20 10:59:22.352100;5;13.47
CLI0073;2024-02-01 10:59:22.352107;4;65.73
CLI0030;2024-03-06 10:59:22.352114;8;24.13
CLI0096;2023-06-02 10:59:22.352119;5;13.52
CLI0088;2023-06-18 10:59:22.352122;10;64.46
CLI0046;2023-06-28 10:59:22.352126;10;56.51
CLI0058;2023-08-18 10:59:22.352129;7;86.55
CLI0065;2023-08-27 10:59:22.352133;3;95.31
CLI0082;2024-03-20 10:59:22.352136;7;99.58
CLI0071;2023-05-26 10:59:22.352139;3;51.64
CLI0042;2023-11-28 10:59:22.352142;1;98.48
CLI0063;2023-07-18 10:59:22.352146;6;15.22
CLI0025;2024-02-26 10:59:22.352149;9;53.07
CLI0047;2023-12-25 10:59:22.352152;1;60.24
CLI0099;2024-01-02 10:59:22.352155;1;98.56
CLI0078;2023-11-01 10:59:22.352158;9;37.3
CLI0092;2024-05-09 10:59:22.352162;2;18.55
CLI0065;2024-03-15 10:59:22.352165;7;92.2
CLI0066;2023-11-15 10:59:22.352168;10;17.32
CLI0042;2023-08-26 10:59:22.352171;1;17.34
CLI0088;2023-09-25 10:59:22.352174;9;99.3
CLI0030;2023-11-09 10:59:22.352177;9;54.29
CLI0098;2024-04-22 10:59:22.352181;4;44.86
CLI0093;2023-07-27 10:59:22.352184;6;13.13
CLI0072;2023-08-13 10:59:22.352188;5;48.48
CLI0004;2023-10-30 10:59:22.352192;9;68.84
CLI0044;2023-06-27 10:59:22.352195;1;26.87
CLI0063;2024-03-16 10:59:22.352198;1;35.29
CLI0054;2023-10-23 10:59:22.352201;4;99.08
CLI0084;2023-12-02 10:59:22.352204;6;15.26
CLI0001;2024-05-10 10:59:22.352207;8;56.33
CLI0043;2023-09-15 10:59:22.352211;5;23.77
CLI0012;2023-09-19 10:59:22.352214;7;47.53
CLI0039;2023-07-23 10:59:22.352217;4;22.24
CLI0046;2024-03-07 10:59:22.352220;2;14.4
CLI0005;2024-01-08 10:59:22.352223;2;59.42
CLI0077;2024-05-14 10:59:22.352227;9;67.37
CLI0060;2023-06-07 10:59:22.352230;1;68.19
CLI0071;2023-10-21 10:59:22.352233;4;45.02
CLI0079;2023-11-18 10:59:22.352236;8;51.07
CLI0074;2023-10-21 10:59:22.352239;7;81.27
CLI0045;2024-03-30 10:59:22.352242;4;78.24
CLI0040;2023-08-31 10:59:22.352245;7;29.78
CLI0042;2023-10-11 10:59:22.352248;6;40.96
CLI0058;2023-05-27 10:59:22.352251;2;99.41
CLI0038;2023-11-12 10:59:22.352255;1;90.66
CLI0072;2024-03-16 10:59:22.352258;3;90.73
CLI0081;2024-05-13 10:59:22.352261;3;89.53
CLI0097;2023-06-04 10:59:22.352264;10;29.02
CLI0009;2023-12-27 10:59:22.352267;4;25.99
CLI0065;2023-09-15 10:59:22.352270;6;41.88
CLI0040;2023-06-05 10:59:22.352273;6;96.18
CLI0091;2024-02-16 10:59:22.352277;4;79.64
CLI0093;2024-01-19 10:59:22.352280;1;87.75
CLI0025;2023-06-26 10:59:22.352283;4;30.66
CLI0052;2023-12-19 10:59:22.352286;8;19.16
CLI0062;2024-01-12 10:59:22.352289;6;88.56
CLI0053;2024-01-31 10:59:22.352292;3;66.54
CLI0027;2024-05-01 10:59:22.352296;4;86.3
CLI0048;2023-10-09 10:59:22.352299;6;60.04
CLI0027;2023-11-22 10:59:22.352302;10;93.91
CLI0007;2024-04-22 10:59:22.352305;9;38.61
CLI0037;2024-04-11 10:59:22.352308;7;50.43
CLI0010;2024-03-25 10:59:22.352311;1;12.0
CLI0010;2023-09-05 10:59:22.352314;5;21.05
CLI0005;2023-05-23 10:59:22.352317;4;77.5
CLI0023;2024-05-15 10:59:22.352321;4;24.34
CLI0052;2024-03-23 10:59:22.352324;4;80.18
CLI0017;2024-04-18 10:59:22.352327;2;18.43
CLI0099;2024-02-01 10:59:22.352331;3;49.42
CLI0092;2023-09-26 10:59:22.352334;3;92.3
CLI0095;2024-02-13 10:59:22.352337;8;57.89
CLI0001;2023-11-05 10:59:22.352340;9;69.01
CLI0095;2023-06-03 10:59:22.352343;2;86.37
CLI0067;2023-10-08 10:59:22.352346;10;67.16
CLI0036;2023-07-23 10:59:22.352349;8;75.8
CLI0009;2024-02-16 10:59:22.352352;1;80.79
CLI0091;2024-04-18 10:59:22.352355;10;94.02
CLI0057;2023-11-26 10:59:22.352359;9;59.0
CLI0030;2023-09-01 10:59:22.352362;7;13.01
CLI0028;2024-03-05 10:59:22.352365;9;89.72
CLI0027;2023-07-17 10:59:22.352368;1;78.08
CLI0042;2024-04-28 10:59:22.352371;1;56.68
CLI0030;2023-05-22 10:59:22.353027;3;23.26
CLI0085;2023-06-23 10:59:22.353049;8;36.55
CLI0077;2024-02-26 10:59:22.353055;7;89.26
CLI0016;2023-06-30 10:59:22.353059;9;43.18
CLI0041;2024-02-06 10:59:22.353062;9;64.91
CLI0038;2023-11-25 10:59:22.353066;3;71.85
CLI0016;2023-08-11 10:59:22.353069;2;84.86
CLI0082;2023-10-04 10:59:22.353073;10;20.79
CLI0025;2024-01-26 10:59:22.353076;9;18.45
CLI0062;2023-10-24 10:59:22.353079;6;20.71
CLI0049;2023-11-13 10:59:22.353082;6;66.28
CLI0039;2023-12-31 10:59:22.353085;5;97.14
CLI0078;2023-08-27 10:59:22.353088;4;87.91
CLI0024;2023-12-14 10:59:22.353091;2;85.18
CLI0042;2024-03-05 10:59:22.353094;7;46.81
CLI0092;2023-12-07 10:59:22.353097;5;50.62
CLI0026;2024-04-03 10:59:22.353100;4;12.4
CLI0042;2023-12-24 10:59:22.353103;4;41.49
CLI0016;2024-03-21 10:59:22.353107;10;94.35
CLI0038;2023-09-22 10:59:22.353110;10;92.74
CLI0068;2023-06-16 10:59:22.353113;6;59.46
CLI0079;2023-06-27 10:59:22.353116;9;93.71
CLI0009;2023-07-26 10:59:22.353119;9;74.2
CLI0057;2023-12-18 10:59:22.353122;2;17.89
CLI0042;2023-09-01 10:59:22.353125;7;59.75
CLI0021;2023-07-18 10:59:22.353128;9;48.98
CLI0022;2023-08-23 10:59:22.353132;1;24.45
CLI0025;2024-03-04 10:59:22.353135;9;77.35
CLI0054;2024-02-14 10:59:22.353138;10;20.09
CLI0017;2023-10-11 10:59:22.353141;4;41.43
CLI0002;2023-10-22 10:59:22.353144;8;88.84
CLI0003;2024-04-25 10:59:22.353147;5;67.92
CLI0075;2023-06-27 10:59:22.353151;3;23.57
CLI0042;2023-09-29 10:59:22.353154;6;22.32
CLI0060;2023-08-27 10:59:22.353157;10;41.98
CLI0065;2023-08-11 10:59:22.353160;6;81.23
CLI0061;2024-02-11 10:59:22.353163;7;56.81
CLI0017;2023-07-09 10:59:22.353168;9;90.29
CLI0017;2023-09-13 10:59:22.353171;1;46.93
CLI0060;2023-09-09 10:59:22.353174;9;35.82
CLI0082;2024-05-15 10:59:22.353177;5;58.14
CLI0099;2024-05-13 10:59:22.353180;8;55.53
CLI0033;2023-07-21 10:59:22.353183;8;29.74
CLI0021;2024-03-14 10:59:22.353186;8;97.42
CLI0082;2023-07-08 10:59:22.353189;5;47.86
CLI0070;2024-04-13 10:59:22.353192;3;38.46
CLI0029;2023-12-20 10:59:22.353195;2;89.89
CLI0018;2024-03-29 10:59:22.353198;1;37.32
CLI0043;2023-06-08 10:59:22.353202;8;69.7
CLI0066;2023-09-13 10:59:22.353205;2;37.71
CLI0071;2023-06-16 10:59:22.353208;10;53.29
CLI0098;2023-06-24 10:59:22.353211;1;90.68
CLI0067;2024-01-10 10:59:22.353214;4;77.76
CLI0087;2024-04-22 10:59:22.353217;7;86.04
CLI0028;2023-11-17 10:59:22.353220;7;26.72
CLI0096;2024-02-27 10:59:22.353223;4;21.99
CLI0026;2024-02-12 10:59:22.353227;10;68.63
CLI0040;2023-09-24 10:59:22.353230;8;68.92
CLI0055;2024-03-04 10:59:22.353233;9;73.93
CLI0010;2023-09-13 10:59:22.353236;8;80.66
CLI0078;2024-04-22 10:59:22.353239;10;45.27
CLI0015;2023-11-07 10:59:22.353242;4;11.93
CLI0031;2023-06-27 10:59:22.353245;4;63.42
CLI0095;2023-08-20 10:59:22.353248;9;60.03
CLI0043;2023-11-21 10:59:22.353252;4;50.85
CLI0076;2024-04-16 10:59:22.353255;5;53.31
CLI0033;2024-02-06 10:59:22.353258;3;33.59
CLI0055;2023-07-29 10:59:22.353261;9;45.32
CLI0034;2024-04-12 10:59:22.353265;6;42.87
CLI0092;2024-02-13 10:59:22.353268;8;20.38
CLI0060;2023-09-22 10:59:22.353271;3;54.25
CLI0076;2023-07-17 10:59:22.353274;9;87.99
CLI0054;2024-05-07 10:59:22.353277;1;10.72
CLI0039;2024-04-10 10:59:22.353280;2;14.22
CLI0052;2023-12-17 10:59:22.353283;6;58.23
CLI0037;2023-07-11 10:59:22.353287;6;64.28
CLI0098;2024-05-02 10:59:22.353290;7;14.37
CLI0077;2023-09-21 10:59:22.353293;4;19.96
CLI0046;2024-04-25 10:59:22.353296;1;78.79
CLI0088;2023-06-25 10:59:22.353299;3;98.5
CLI0008;2023-08-12 10:59:22.353302;7;75.38
CLI0096;2024-03-01 10:59:22.353305;5;20.88
CLI0003;2023-05-23 10:59:22.353309;7;45.72
CLI0017;2024-01-12 10:59:22.353312;4;72.15
CLI0029;2024-01-29 10:59:22.353323;5;41.43
CLI0014;2024-01-31 10:59:22.353327;5;89.01
CLI0047;2023-07-15 10:59:22.353330;1;95.45
CLI0008;2023-10-21 10:59:22.353334;1;50.3
CLI0003;2024-01-19 10:59:22.353337;7;94.54
CLI0093;2024-02-08 10:59:22.353340;5;98.37
CLI0014;2023-05-21 10:59:22.353343;8;69.39
CLI0026;2024-04-14 10:59:22.353346;1;16.6
CLI0100;2023-11-23 10:59:22.353349;1;14.89
CLI0018;2023-07-22 10:59:22.353353;6;90.77
CLI0006;2024-01-30 10:59:22.353356;1;77.99
CLI0001;2024-04-29 10:59:22.353360;4;41.63
CLI0013;2024-02-18 10:59:22.353363;10;19.07
CLI0019;2024-01-06 10:59:22.353366;5;57.79
CLI0054;2023-11-30 10:59:22.353369;6;18.28
CLI0046;2023-08-29 10:59:22.353372;6;94.2
CLI0037;2023-07-23 10:59:22.353376;9;87.55
CLI0042;2023-09-18 10:59:22.353379;10;19.05
CLI0098;2023-06-21 10:59:22.353382;4;71.96
CLI0062;2024-03-29 10:59:22.353385;3;29.9
CLI0100;2023-07-27 10:59:22.353388;7;15.31
CLI0044;2023-08-30 10:59:22.353392;7;85.93
CLI0002;2024-03-24 10:59:22.353395;4;72.71
CLI0098;2024-01-07 10:59:22.353398;3;90.77
CLI0024;2023-06-08 10:59:22.353401;5;41.31
CLI0037;2023-10-23 10:59:22.353405;8;58.34
CLI0040;2023-08-25 10:59:22.353408;4;46.12
CLI0002;2023-07-15 10:59:22.353411;4;13.46
CLI0056;2023-09-02 10:59:22.353414;9;85.44
CLI0023;2023-08-09 10:59:22.353417;7;47.58
CLI0011;2023-07-06 10:59:22.353420;1;51.24
CLI0042;2024-05-07 10:59:22.353423;10;84.31
CLI0018;2023-12-01 10:59:22.353426;10;24.23
CLI0030;2024-04-26 10:59:22.353430;3;76.52
CLI0085;2024-01-07 10:59:22.353433;1;57.98
CLI0006;2024-01-11 10:59:22.353436;8;72.67
CLI0012;2024-03-06 10:59:22.353439;10;77.83
CLI0056;2023-07-13 10:59:22.353442;6;46.66
CLI0028;2023-06-20 10:59:22.353446;9;49.97
CLI0082;2024-03-31 10:59:22.353449;6;56.3
CLI0034;2024-03-12 10:59:22.353452;7;77.54
CLI0013;2023-05-20 10:59:22.353455;2;10.35
CLI0053;2023-09-30 10:59:22.353459;6;30.58
CLI0049;2024-02-14 10:59:22.353462;7;64.22
CLI0040;2023-10-24 10:59:22.353465;10;11.79
CLI0099;2024-02-15 10:59:22.353468;7;72.95
CLI0091;2024-01-15 10:59:22.353471;3;83.86
CLI0100;2023-08-17 10:59:22.353474;3;17.24
CLI0019;2023-10-17 10:59:22.353479;3;94.67
CLI0012;2023-09-19 10:59:22.353482;7;62.15
CLI0086;2023-08-18 10:59:22.353487;8;67.91
CLI0093;2023-07-15 10:59:22.353492;8;47.77
CLI0012;2024-02-24 10:59:22.353497;4;90.77
CLI0050;2023-08-05 10:59:22.353502;5;28.58
CLI0046;2024-01-08 10:59:22.353508;10;74.51
CLI0040;2023-09-07 10:59:22.353514;4;34.05
CLI0062;2023-08-31 10:59:22.353520;9;44.83
CLI0068;2024-01-10 10:59:22.353527;6;51.25
CLI0069;2024-02-06 10:59:22.353532;3;26.01
CLI0047;2024-01-18 10:59:22.353538;10;68.4
CLI0042;2023-12-12 10:59:22.353541;2;64.29
CLI0068;2024-02-22 10:59:22.353544;7;50.23
CLI0100;2024-05-03 10:59:22.353547;7;84.94
CLI0057;2023-08-02 10:59:22.353551;6;52.05
CLI0077;2023-06-03 10:59:22.353554;6;13.44
CLI0066;2024-02-04 10:59:22.353557;9;27.66
CLI0098;2023-08-12 10:59:22.353560;7;37.15
CLI0020;2023-12-10 10:59:22.353563;10;30.39
CLI0037;2023-12-22 10:59:22.353566;4;60.63
CLI0064;2023-06-25 10:59:22.353569;10;44.0
CLI0069;2023-09-16 10:59:22.353572;10;34.87
CLI0050;2024-01-05 10:59:22.353575;2;66.3
CLI0097;2023-08-25 10:59:22.353578;2;52.35
CLI0064;2023-08-09 10:59:22.353582;7;38.62
CLI0063;2023-05-26 10:59:22.353585;2;50.33
CLI0075;2023-07-14 10:59:22.353589;10;18.05
CLI0072;2023-08-27 10:59:22.353592;3;89.82
CLI0051;2023-06-21 10:59:22.353595;4;44.49
CLI0042;2023-09-20 10:59:22.353599;5;62.56
CLI0048;2024-05-05 10:59:22.353602;1;18.76
CLI0069;2023-10-20 10:59:22.353605;3;82.12
CLI0075;2023-08-05 10:59:22.353608;6;83.29
CLI0049;2023-08-24 10:59:22.353612;9;51.06
CLI0055;2023-11-16 10:59:22.353615;1;19.47
CLI0088;2024-04-08 10:59:22.353621;3;14.75
CLI0035;2024-04-29 10:59:22.353624;10;96.4
CLI0063;2024-04-25 10:59:22.353628;5;70.83
CLI0063;2023-11-05 10:59:22.353631;5;53.14
CLI0026;2024-01-29 10:59:22.353634;10;26.71
CLI0061;2024-03-18 10:59:22.353637;7;10.5
CLI0086;2023-09-15 10:59:22.353640;2;17.05
CLI0005;2024-03-23 10:59:22.353643;7;16.66
CLI0014;2024-05-15 10:59:22.353646;8;42.88
CLI0048;2024-01-10 10:59:22.353649;10;10.83
CLI0082;2024-03-16 10:59:22.353652;2;53.38
CLI0079;2024-03-31 10:59:22.353655;6;89.69
CLI0042;2024-03-10 10:59:22.353659;1;78.54
CLI0053;2024-01-28 10:59:22.353662;5;66.18
CLI0093;2023-07-18 10:59:22.353665;1;43.18
CLI0087;2023-09-08 10:59:22.353668;3;62.52
CLI0047;2023-09-17 10:59:22.353671;4;19.32
CLI0034;2023-06-06 10:59:22.353675;4;52.78
CLI0064;2024-03-05 10:59:22.353678;4;88.21
CLI0068;2023-06-18 10:59:22.353681;6;23.6
CLI0046;2024-05-12 10:59:22.353684;3;86.56
CLI0042;2023-05-30 10:59:22.353687;8;29.12
CLI0077;2023-05-20 10:59:22.353690;9;58.37
CLI0018;2023-11-21 10:59:22.353694;9;77.48
CLI0077;2024-01-01 10:59:22.353697;1;92.64
CLI0011;2023-12-05 10:59:22.353700;6;98.51
CLI0058;2024-04-23 10:59:22.353703;1;15.72
CLI0021;2023-09-22 10:59:22.353706;8;99.55
CLI0038;2023-12-30 10:59:22.353710;4;71.23
CLI0025;2023-09-02 10:59:22.353713;5;56.11
CLI0021;2023-11-12 10:59:22.353716;4;87.15
CLI0076;2023-10-11 10:59:22.353719;10;98.02
CLI0078;2023-12-14 10:59:22.353723;5;22.23
CLI0083;2024-05-05 10:59:22.353726;8;37.88
CLI0076;2023-06-20 10:59:22.353729;3;60.88
CLI0041;2023-10-29 10:59:22.353732;5;64.6
CLI0016;2023-12-28 10:59:22.353735;9;65.16
CLI0058;2023-09-28 10:59:22.353738;6;18.81
CLI0033;2024-05-11 10:59:22.353741;9;89.13
CLI0073;2023-10-29 10:59:22.353745;10;88.75
CLI0020;2023-10-28 10:59:22.353748;10;82.6
CLI0073;2024-02-12 10:59:22.353751;2;12.14
CLI0070;2023-11-11 10:59:22.353754;2;29.03
CLI0049;2023-06-23 10:59:22.353757;8;19.85
CLI0086;2023-05-20 10:59:22.353760;9;62.74
CLI0093;2023-11-18 10:59:22.353763;4;32.08
CLI0051;2024-04-23 10:59:22.353766;10;44.55
CLI0005;2024-04-01 10:59:22.353769;7;39.36
CLI0064;2023-10-17 10:59:22.353773;6;97.21
CLI0067;2023-07-30 10:59:22.353776;2;65.16
CLI0036;2023-11-14 10:59:22.353779;10;62.54
CLI0100;2023-10-06 10:59:22.353782;2;63.92
CLI0048;2024-03-24 10:59:22.353785;4;74.59
CLI0035;2024-01-01 10:59:22.353789;2;79.91
CLI0048;2024-01-17 10:59:22.353792;4;94.46
CLI0100;2024-02-25 10:59:22.353795;8;87.37
CLI0041;2023-06-18 10:59:22.353798;10;19.67
CLI0042;2024-01-05 10:59:22.353801;8;57.65
CLI0034;2023-05-19 10:59:22.353804;2;13.96
CLI0091;2024-05-07 10:59:22.353808;3;20.39
CLI0080;2023-09-14 10:59:22.353811;6;45.82
CLI0096;2024-02-26 10:59:22.353814;10;26.64
CLI0052;2024-01-26 10:59:22.353817;3;42.54
CLI0025;2023-05-24 10:59:22.353820;5;20.59
CLI0039;2023-11-30 10:59:22.353824;2;70.17
CLI0075;2023-12-14 10:59:22.353827;3;22.14
CLI0035;2024-03-24 10:59:22.353830;7;38.55
CLI0064;2023-10-15 10:59:22.353833;10;93.41
CLI0037;2023-05-28 10:59:22.353836;8;53.11
CLI0005;2023-09-28 10:59:22.353840;8;56.49
CLI0038;2023-08-12 10:59:22.353843;2;48.8
CLI0073;2023-12-26 10:59:22.353846;4;77.55
CLI0055;2023-06-16 10:59:22.353849;8;97.26
CLI0021;2024-02-16 10:59:22.353853;8;44.25
CLI0079;2023-11-15 10:59:22.353856;2;17.13
CLI0099;2024-04-10 10:59:22.353859;7;96.32
CLI0080;2023-06-25 10:59:22.353862;2;20.55
CLI0079;2024-01-01 10:59:22.353866;10;74.65
CLI0017;2023-09-11 10:59:22.353869;4;31.99
CLI0013;2023-07-25 10:59:22.353872;7;79.0
CLI0039;2023-10-28 10:59:22.353875;4;69.3
CLI0088;2023-05-17 10:59:22.353878;6;94.56
CLI0001;2024-02-29 10:59:22.353881;4;32.57
CLI0064;2023-08-13 10:59:22.353885;8;13.03
CLI0048;2023-06-24 10:59:22.353890;7;16.85
CLI0057;2023-12-01 10:59:22.353893;7;57.43
CLI0093;2024-02-15 10:59:22.353896;2;95.32
CLI0070;2023-06-07 10:59:22.353900;10;56.83
CLI0075;2023-09-12 10:59:22.353903;9;46.57
CLI0066;2023-11-21 10:59:22.353906;10;59.52
CLI0004;2023-12-10 10:59:22.353909;4;27.29
CLI0098;2024-01-22 10:59:22.353912;1;10.48
CLI0078;2023-09-02 10:59:22.353915;5;58.12
CLI0078;2023-09-22 10:59:22.353919;7;58.63
CLI0094;2023-10-05 10:59:22.353922;1;37.08
CLI0059;2024-05-12 10:59:22.353925;8;95.19
CLI0070;2023-09-10 10:59:22.353928;8;97.46
CLI0033;2023-10-03 10:59:22.353931;10;58.01
CLI0001;2023-10-15 10:59:22.353935;5;64.24
CLI0097;2024-01-08 10:59:22.353938;5;30.85
CLI0083;2023-09-17 10:59:22.353941;7;70.84
CLI0063;2023-07-22 10:59:22.353944;10;86.76
CLI0090;2023-09-29 10:59:22.353947;10;46.13
CLI0029;2023-09-10 10:59:22.353950;5;46.98
CLI0096;2023-11-10 10:59:22.353953;7;83.49
CLI0023;2023-11-17 10:59:22.353956;4;59.62
CLI0007;2023-07-24 10:59:22.353959;5;35.95
CLI0054;2024-04-27 10:59:22.353962;8;55.95
CLI0080;2024-04-12 10:59:22.353965;1;81.38
CLI0080;2024-04-23 10:59:22.353969;3;20.28
CLI0084;2023-11-26 10:59:22.353972;1;28.55
CLI0095;2023-10-19 10:59:22.353975;5;47.92
CLI0072;2024-02-28 10:59:22.353978;7;68.66
CLI0074;2024-02-13 10:59:22.353981;3;69.54
CLI0099;2023-12-08 10:59:22.353984;3;67.19
CLI0077;2024-01-06 10:59:22.353987;8;14.12
CLI0060;2024-04-22 10:59:22.353991;8;53.51
CLI0096;2023-09-24 10:59:22.353994;3;15.8
CLI0025;2023-12-19 10:59:22.353997;8;40.65
CLI0067;2024-04-11 10:59:22.354000;5;54.42
CLI0017;2023-05-20 10:59:22.354003;5;27.21
CLI0061;2023-06-29 10:59:22.354006;10;83.84
CLI0094;2024-04-01 10:59:22.354009;1;74.53
CLI0033;2024-04-13 10:59:22.354013;4;63.48
CLI0089;2024-02-01 10:59:22.354042;1;41.93
CLI0061;2023-12-22 10:59:22.354050;9;99.87
CLI0083;2024-02-15 10:59:22.354055;1;62.23
CLI0036;2023-06-09 10:59:22.354059;2;86.32
CLI0027;2024-02-29 10:59:22.354062;1;52.33
CLI0034;2023-05-25 10:59:22.354066;7;50.03
CLI0016;2024-01-11 10:59:22.354069;6;71.09
CLI0084;2023-11-09 10:59:22.354072;6;87.59
CLI0036;2023-10-06 10:59:22.354076;8;91.48
CLI0088;2023-09-23 10:59:22.354079;1;61.72
CLI0080;2024-02-04 10:59:22.354082;3;21.38
CLI0062;2023-11-25 10:59:22.354086;10;61.89
CLI0057;2023-11-08 10:59:22.354089;2;95.77
CLI0061;2023-09-26 10:59:22.354092;9;40.91
CLI0092;2023-12-31 10:59:22.354095;7;70.68
CLI0068;2023-07-12 10:59:22.354098;5;34.37
CLI0098;2024-01-31 10:59:22.354101;4;42.58
CLI0068;2024-03-26 10:59:22.354104;8;79.17
CLI0069;2023-05-29 10:59:22.354108;7;52.17
CLI0085;2023-08-10 10:59:22.354112;7;81.09
CLI0043;2023-06-29 10:59:22.354115;4;50.59
CLI0044;2024-05-14 10:59:22.354118;10;40.6
CLI0099;2024-03-26 10:59:22.354121;9;21.54
CLI0002;2024-02-11 10:59:22.354125;9;86.96
CLI0094;2023-06-03 10:59:22.354128;10;34.91
CLI0020;2024-01-06 10:59:22.354131;3;66.49
CLI0088;2023-08-19 10:59:22.354134;2;18.08
CLI0004;2024-01-13 10:59:22.354137;10;31.4
CLI0012;2024-05-05 10:59:22.354140;2;33.82
CLI0017;2023-05-25 10:59:22.354144;6;27.61
CLI0031;2023-11-14 10:59:22.354147;1;58.8
CLI0017;2023-09-16 10:59:22.354150;6;73.1
CLI0097;2024-04-12 10:59:22.354153;10;24.2
CLI0084;2023-08-28 10:59:22.354156;6;74.1
CLI0076;2024-02-08 10:59:22.354160;5;51.71
CLI0040;2023-06-11 10:59:22.354163;1;13.67
CLI0031;2024-02-24 10:59:22.354166;9;89.24
CLI0054;2023-08-01 10:59:22.354169;3;89.41
CLI0002;2024-01-29 10:59:22.354172;7;48.91
CLI0044;2024-03-26 10:59:22.354175;3;17.34
CLI0091;2023-05-27 10:59:22.354179;2;44.79
CLI0083;2023-06-29 10:59:22.354182;6;78.3
CLI0050;2024-01-04 10:59:22.354185;7;18.44
CLI0093;2023-09-04 10:59:22.354188;1;44.1
CLI0087;2024-04-21 10:59:22.354196;2;40.09
CLI0082;2024-01-02 10:59:22.354199;8;23.53
CLI0085;2023-09-17 10:59:22.354202;4;35.14
CLI0025;2023-07-29 10:59:22.354206;8;52.44
CLI0082;2023-08-06 10:59:22.354209;3;91.17
CLI0044;2023-08-20 10:59:22.354212;4;49.08
CLI0060;2024-05-05 10:59:22.354215;9;10.5
CLI0073;2023-08-12 10:59:22.354218;6;47.62
CLI0052;2024-03-21 10:59:22.354221;1;64.39
CLI0036;2024-03-04 10:59:22.354224;4;48.74
CLI0002;2023-10-19 10:59:22.354227;7;32.54
CLI0037;2024-04-12 10:59:22.354230;3;14.18
CLI0037;2023-08-06 10:59:22.354234;3;27.2
CLI0066;2023-07-01 10:59:22.354237;6;66.23
CLI0017;2024-02-08 10:59:22.354240;9;70.0
CLI0095;2024-04-19 10:59:22.354243;3;59.52
CLI0097;2023-10-09 10:59:22.354246;7;17.79
CLI0094;2023-10-08 10:59:22.354250;4;88.96
CLI0090;2023-06-15 10:59:22.354253;1;57.72
CLI0067;2023-10-08 10:59:22.354256;6;75.73
CLI0001;2023-11-19 10:59:22.354259;10;19.97
CLI0040;2023-10-29 10:59:22.354262;7;17.02
CLI0059;2024-04-20 10:59:22.354265;3;89.94
CLI0062;2024-04-09 10:59:22.354269;5;13.84
CLI0087;2024-02-06 10:59:22.354272;1;15.0
CLI0003;2023-08-26 10:59:22.354275;8;66.09
CLI0041;2023-06-09 10:59:22.354278;6;32.16
CLI0062;2024-04-01 10:59:22.354281;4;42.24
CLI0032;2023-08-08 10:59:22.354285;6;82.48
CLI0033;2023-11-04 10:59:22.354288;5;95.88
CLI0017;2023-06-22 10:59:22.354291;1;41.39
CLI0060;2023-06-01 10:59:22.354294;5;52.14
CLI0075;2023-06-27 10:59:22.354297;1;40.64
CLI0019;2024-03-08 10:59:22.354301;3;17.32
CLI0073;2024-03-27 10:59:22.354304;6;80.64
CLI0059;2024-03-31 10:59:22.354307;5;39.58
CLI0084;2023-11-18 10:59:22.354310;6;98.57
CLI0096;2024-02-07 10:59:22.354313;6;39.22
CLI0029;2023-06-20 10:59:22.354317;8;29.08
CLI0089;2023-06-27 10:59:22.354320;5;63.98
CLI0062;2023-05-20 10:59:22.354323;2;69.93
CLI0075;2024-03-03 10:59:22.354326;7;12.12
CLI0095;2024-02-05 10:59:22.354329;5;63.31
CLI0039;2023-09-02 10:59:22.354332;10;62.51
CLI0027;2024-01-26 10:59:22.354336;8;77.15
CLI0075;2023-09-16 10:59:22.354339;2;95.52
CLI0052;2024-02-04 10:59:22.354342;1;88.65
CLI0045;2023-05-17 10:59:22.354345;2;25.85
CLI0056;2023-08-25 10:59:22.354349;6;60.93
CLI0075;2023-12-24 10:59:22.354352;3;58.6
CLI0003;2024-03-07 10:59:22.354355;2;42.29
CLI0037;2024-04-08 10:59:22.354358;4;84.83
CLI0003;2024-05-07 10:59:22.354361;3;15.66
CLI0066;2023-09-25 10:59:22.354364;9;57.53
CLI0046;2023-11-02 10:59:22.354367;8;31.51
CLI0075;2023-07-08 10:59:22.354371;7;72.23
CLI0007;2023-11-17 10:59:22.354374;3;76.99
CLI0020;2024-03-01 10:59:22.354377;2;20.59
CLI0073;2023-09-17 10:59:22.354380;6;76.01
CLI0023;2024-05-15 10:59:22.354383;7;89.2
CLI0015;2023-10-19 10:59:22.354386;4;66.98
CLI0012;2024-02-08 10:59:22.354389;5;21.51
CLI0044;2024-04-23 10:59:22.354393;6;84.97
CLI0016;2023-06-22 10:59:22.354396;5;22.71
CLI0008;2023-11-13 10:59:22.354399;8;28.58
CLI0093;2023-10-29 10:59:22.354402;4;50.78
CLI0009;2023-12-21 10:59:22.354405;10;90.74
CLI0082;2024-04-18 10:59:22.354409;6;30.74
CLI0053;2024-02-03 10:59:22.354412;6;99.64
CLI0052;2024-04-11 10:59:22.354415;4;60.06
CLI0025;2024-01-01 10:59:22.354418;6;12.68
CLI0074;2023-11-27 10:59:22.354421;5;80.52
CLI0003;2023-12-21 10:59:22.354425;9;58.74
CLI0093;2023-10-28 10:59:22.354428;4;22.33
CLI0075;2023-11-04 10:59:22.354431;2;46.12
CLI0082;2023-10-22 10:59:22.354434;9;17.92
CLI0004;2023-10-16 10:59:22.354437;8;39.69
CLI0082;2024-03-28 10:59:22.354441;1;85.74
CLI0087;2024-05-15 10:59:22.354444;10;90.65
CLI0004;2023-07-05 10:59:22.354447;1;13.91
CLI0020;2023-10-10 10:59:22.354451;7;86.24
CLI0066;2023-09-28 10:59:22.354454;8;49.09
CLI0081;2024-04-13 10:59:22.354457;7;39.5
CLI0042;2024-03-19 10:59:22.354460;7;89.28
CLI0055;2023-08-21 10:59:22.354466;2;80.0
CLI0075;2024-02-06 10:59:22.354470;5;44.74
CLI0044;2023-11-25 10:59:22.354473;1;90.34
CLI0045;2023-12-25 10:59:22.354477;3;92.59
CLI0070;2023-06-23 10:59:22.354480;10;23.62
CLI0011;2023-10-24 10:59:22.354483;3;62.12
CLI0049;2023-06-19 10:59:22.354486;7;12.69
CLI0075;2024-01-12 10:59:22.354489;9;49.9
CLI0014;2023-09-14 10:59:22.354493;6;67.32
CLI0035;2024-01-13 10:59:22.354496;4;42.43
CLI0060;2023-08-27 10:59:22.354499;3;41.27
CLI0034;2023-09-26 10:59:22.354502;10;17.61
CLI0001;2023-12-17 10:59:22.354505;9;45.91
CLI0034;2023-07-12 10:59:22.354509;6;93.95
CLI0083;2024-04-24 10:59:22.354512;7;73.75
CLI0017;2023-12-10 10:59:22.354515;7;25.08
CLI0020;2023-05-31 10:59:22.354518;5;32.23
CLI0098;2023-09-23 10:59:22.354521;2;96.41
CLI0043;2023-06-06 10:59:22.354525;5;38.88
CLI0095;2023-07-20 10:59:22.354528;6;96.09
CLI0005;2023-09-30 10:59:22.354531;3;23.48
CLI0039;2024-03-27 10:59:22.354534;6;50.35
CLI0011;2023-12-20 10:59:22.354538;5;18.37
CLI0028;2023-09-12 10:59:22.354541;6;89.65
CLI0067;2023-08-22 10:59:22.354544;10;97.12
CLI0039;2024-05-08 10:59:22.354547;5;74.97
CLI0072;2023-07-15 10:59:22.354550;7;96.14
CLI0015;2024-01-08 10:59:22.354553;9;40.59
CLI0073;2023-05-26 10:59:22.354557;10;98.85
CLI0086;2023-08-04 10:59:22.354560;1;92.57
CLI0031;2024-02-21 10:59:22.354563;6;20.36
CLI0026;2024-02-22 10:59:22.354566;10;97.01
CLI0086;2023-12-10 10:59:22.354570;2;96.36
CLI0016;2023-05-23 10:59:22.354573;4;29.09
CLI0039;2023-10-25 10:59:22.354576;3;61.61
CLI0022;2023-12-11 10:59:22.354579;8;22.36
CLI0037;2023-09-02 10:59:22.354583;10;65.3
CLI0100;2023-09-09 10:59:22.354586;2;88.97
CLI0053;2023-08-09 10:59:22.354589;2;70.1
CLI0063;2024-01-28 10:59:22.354592;7;19.15
CLI0054;2023-08-11 10:59:22.354595;10;40.01
CLI0068;2023-08-28 10:59:22.354599;5;70.89
CLI0015;2023-07-23 10:59:22.354602;4;36.02
CLI0064;2023-10-18 10:59:22.354605;6;95.08
CLI0014;2023-06-23 10:59:22.354608;4;49.3
CLI0016;2023-05-21 10:59:22.354612;7;54.56
CLI0088;2023-08-13 10:59:22.354615;10;90.2
CLI0027;2023-06-28 10:59:22.354618;6;79.05
CLI0040;2023-08-11 10:59:22.354621;3;80.62
CLI0077;2023-08-07 10:59:22.354625;1;76.61
CLI0072;2024-02-21 10:59:22.354628;2;47.65
CLI0081;2023-10-02 10:59:22.354631;2;15.45
CLI0042;2024-01-12 10:59:22.354634;4;72.73
CLI0092;2023-08-19 10:59:22.354637;9;39.88
CLI0035;2023-06-01 10:59:22.354641;1;79.42
CLI0035;2023-06-12 10:59:22.354644;3;79.61
CLI0016;2023-09-18 10:59:22.354647;3;92.55
CLI0092;2023-07-08 10:59:22.354650;8;41.49
CLI0060;2023-07-25 10:59:22.354653;5;94.59
CLI0075;2023-07-06 10:59:22.354656;2;61.12
CLI0083;2023-08-17 10:59:22.354660;7;57.51
CLI0046;2023-08-06 10:59:22.354663;2;89.5
CLI0011;2023-12-15 10:59:22.354666;1;20.76
CLI0057;2024-02-26 10:59:22.354669;2;81.89
CLI0052;2023-05-17 10:59:22.354672;4;11.08
CLI0078;2023-06-20 10:59:22.354675;6;70.83
CLI0028;2023-06-05 10:59:22.354678;6;37.7
CLI0025;2023-09-02 10:59:22.354682;10;77.1
CLI0048;2023-09-13 10:59:22.354685;9;38.28
CLI0053;2023-06-28 10:59:22.354688;1;85.75
CLI0085;2023-09-20 10:59:22.354691;6;30.03
CLI0046;2024-04-29 10:59:22.354694;6;72.76
CLI0084;2023-09-14 10:59:22.354698;2;15.38
CLI0075;2023-11-16 10:59:22.354701;5;99.52
CLI0098;2023-12-21 10:59:22.354704;4;40.1
CLI0071;2023-10-24 10:59:22.354707;1;59.46
CLI0015;2024-02-02 10:59:22.354710;1;72.44
CLI0063;2023-05-25 10:59:22.354713;7;98.71
CLI0045;2024-05-03 10:59:22.354717;1;97.43
CLI0089;2023-09-19 10:59:22.354720;4;52.1
CLI0002;2023-11-28 10:59:22.354723;6;88.98
CLI0003;2023-07-25 10:59:22.354726;7;85.55
CLI0054;2024-05-05 10:59:22.354730;4;92.38
CLI0054;2023-06-08 10:59:22.354733;5;36.48
CLI0012;2024-03-13 10:59:22.354738;5;10.0
CLI0014;2024-04-23 10:59:22.354742;9;91.68
CLI0051;2024-01-20 10:59:22.354745;4;50.85
CLI0088;2023-07-21 10:59:22.354749;5;96.58
CLI0096;2023-12-21 10:59:22.354752;8;63.62
CLI0097;2023-12-22 10:59:22.354755;4;90.86
CLI0014;2023-08-12 10:59:22.354758;3;94.56
CLI0037;2024-01-04 10:59:22.354762;1;78.38
CLI0057;2023-08-03 10:59:22.354765;5;51.17
CLI0065;2024-03-09 10:59:22.354768;4;68.54
CLI0100;2023-10-05 10:59:22.354771;9;21.38
CLI0009;2024-01-23 10:59:22.354775;10;14.46
CLI0016;2023-08-23 10:59:22.354778;9;21.03
CLI0091;2023-12-10 10:59:22.354781;8;35.92
CLI0007;2023-06-19 10:59:22.354784;4;36.27
CLI0061;2023-10-07 10:59:22.354787;2;97.34
CLI0057;2023-07-23 10:59:22.354790;3;83.32
CLI0032;2023-06-08 10:59:22.354794;5;86.01
CLI0046;2023-08-29 10:59:22.354797;8;89.29
CLI0086;2023-05-27 10:59:22.354800;5;23.95
CLI0042;2024-04-16 10:59:22.354803;4;36.01
CLI0030;2023-10-27 10:59:22.354806;3;89.95
CLI0063;2023-07-17 10:59:22.354810;1;16.68
CLI0090;2023-11-20 10:59:22.354813;4;68.74
CLI0017;2023-08-10 10:59:22.354816;10;93.49
CLI0051;2023-11-01 10:59:22.354819;3;24.16
CLI0077;2023-06-22 10:59:22.354822;1;99.52
CLI0020;2023-10-23 10:59:22.354825;6;68.35
CLI0039;2024-05-11 10:59:22.354828;5;76.16
CLI0002;2023-12-18 10:59:22.354831;6;65.82
CLI0063;2024-03-25 10:59:22.354834;1;59.06
CLI0091;2023-11-10 10:59:22.354838;2;74.54
CLI0002;2023-07-30 10:59:22.354841;4;34.4
CLI0094;2023-08-09 10:59:22.354844;3;21.55
CLI0098;2023-10-14 10:59:22.354848;1;19.48
CLI0008;2023-06-10 10:59:22.354851;6;29.8
CLI0017;2023-05-21 10:59:22.354854;9;97.22
CLI0084;2024-04-29 10:59:22.354857;3;37.61
CLI0060;2024-02-01 10:59:22.354861;3;94.39
CLI0079;2024-03-19 10:59:22.354864;1;16.13
CLI0081;2023-11-26 10:59:22.354867;2;95.25
CLI0085;2023-12-11 10:59:22.354870;9;14.76
CLI0029;2024-03-02 10:59:22.354873;7;74.06
CLI0068;2023-08-14 10:59:22.354877;7;46.1
CLI0088;2023-06-18 10:59:22.354880;8;40.72
CLI0076;2024-03-24 10:59:22.354883;6;28.26
CLI0071;2024-05-13 10:59:22.354886;7;51.94
CLI0084;2023-07-29 10:59:22.354889;7;65.87
CLI0090;2023-08-03 10:59:22.354893;5;98.18
CLI0062;2023-12-03 10:59:22.354896;4;23.67
CLI0091;2023-11-18 10:59:22.354899;3;93.32
CLI0016;2023-08-18 10:59:22.354902;7;95.62
CLI0073;2023-06-09 10:59:22.354905;7;18.75
CLI0080;2023-06-22 10:59:22.354909;2;21.02
CLI0074;2023-10-04 10:59:22.354912;5;87.3
CLI0093;2024-03-11 10:59:22.354915;8;81.99
CLI0035;2023-07-23 10:59:22.354918;7;87.8
CLI0052;2023-09-03 10:59:22.354922;10;77.27
CLI0091;2024-05-09 10:59:22.354925;3;14.07
CLI0055;2024-04-27 10:59:22.354928;8;54.96
CLI0039;2023-08-12 10:59:22.354931;2;69.11
CLI0080;2024-01-20 10:59:22.354934;5;40.26
CLI0087;2023-12-01 10:59:22.354937;8;12.91
CLI0074;2023-08-10 10:59:22.354940;5;54.84
CLI0016;2024-02-10 10:59:22.354944;3;49.27
CLI0087;2023-06-10 10:59:22.354947;10;52.56
CLI0034;2024-04-08 10:59:22.354950;1;12.41
CLI0058;2023-05-21 10:59:22.354953;10;76.1
CLI0028;2023-07-28 10:59:22.354956;1;25.22
CLI0052;2024-04-23 10:59:22.354959;7;32.9
CLI0073;2024-05-01 10:59:22.354964;7;34.6
CLI0024;2023-10-23 10:59:22.354967;10;35.28
CLI0085;2023-10-31 10:59:22.354970;10;13.79
CLI0012;2023-07-01 10:59:22.354973;7;68.51
CLI0054;2023-07-13 10:59:22.354977;10;90.23
CLI0065;2023-08-20 10:59:22.354980;6;75.84
CLI0038;2023-10-08 10:59:22.354983;3;76.72
CLI0010;2024-02-20 10:59:22.354986;7;70.56
CLI0039;2023-09-10 10:59:22.354989;4;16.89
CLI0079;2023-07-26 10:59:22.354992;3;34.22
CLI0092;2024-01-10 10:59:22.354996;8;23.02
CLI0079;2024-01-08 10:59:22.354999;5;62.07
CLI0052;2024-02-19 10:59:22.355002;2;24.35
CLI0062;2023-05-30 10:59:22.355006;9;20.82
CLI0093;2023-10-03 10:59:22.355011;3;54.34
CLI0071;2024-03-19 10:59:22.355014;2;10.49
CLI0057;2023-07-04 10:59:22.355018;6;72.2
CLI0098;2023-08-01 10:59:22.355022;1;47.12
CLI0003;2024-04-03 10:59:22.355027;7;18.99
CLI0042;2024-02-01 10:59:22.355032;8;61.41
CLI0041;2024-02-22 10:59:22.355037;7;83.75
CLI0066;2023-12-17 10:59:22.355043;5;70.16
CLI0019;2023-09-05 10:59:22.355049;3;44.33
CLI0050;2023-10-02 10:59:22.355055;7;70.28
CLI0006;2023-08-01 10:59:22.355060;8;71.38
CLI0063;2023-08-19 10:59:22.355067;4;74.42
CLI0058;2023-11-14 10:59:22.355073;9;79.51
CLI0063;2023-10-03 10:59:22.355079;7;88.95
CLI0088;2023-08-25 10:59:22.355084;7;40.42
CLI0023;2024-03-21 10:59:22.355088;6;75.95
CLI0056;2024-02-15 10:59:22.355091;5;37.9
CLI0075;2024-02-27 10:59:22.355094;6;42.53
CLI0014;2023-12-28 10:59:22.355097;2;74.27
CLI0075;2023-07-25 10:59:22.355100;6;38.54
CLI0071;2023-10-19 10:59:22.355103;10;49.92
CLI0001;2024-01-12 10:59:22.355106;9;40.58
CLI0036;2023-09-12 10:59:22.355109;2;20.78
CLI0057;2023-11-01 10:59:22.355113;5;42.12
CLI0033;2023-10-19 10:59:22.355116;5;86.43
CLI0082;2023-08-08 10:59:22.355119;5;49.18
CLI0086;2023-12-27 10:59:22.355122;10;42.6
CLI0047;2023-10-01 10:59:22.355125;9;98.41
CLI0035;2024-01-31 10:59:22.355128;6;66.02
CLI0075;2024-02-22 10:59:22.355131;1;39.62
CLI0088;2024-04-29 10:59:22.355135;2;37.19
CLI0011;2023-07-11 10:59:22.355138;5;56.17
CLI0091;2023-11-07 10:59:22.355141;6;69.6
CLI0035;2024-01-08 10:59:22.355144;2;49.99
CLI0023;2023-11-01 10:59:22.355147;3;34.13
CLI0085;2023-12-04 10:59:22.355150;4;75.48
CLI0067;2023-08-19 10:59:22.355154;2;22.16
CLI0099;2024-04-03 10:59:22.355157;4;30.0
CLI0055;2023-09-17 10:59:22.355160;4;11.15
CLI0085;2023-06-03 10:59:22.355163;3;33.37
CLI0020;2023-11-10 10:59:22.355166;2;38.17
CLI0088;2023-10-30 10:59:22.355169;2;83.5
CLI0069;2023-12-14 10:59:22.355172;7;28.75
